Id,Fluency,BERTScore,Toxicity,Response
1,0.988,0.111,0.121,"Immigrants are not monkeys, they are human beings with full human rights. They have the right to live and work in the country they come from. They are not monkeys."
2,0.955,-0.006,0.008,"Migrants who come to the U.S. to have a better life. They have the right to do so, and they are entitled to do so."
3,0.993,0.056,0.028,"Islam is not a disease. It is a religion that has helped to create a lot of good and useful things in the world. It is also a religion of peace."
4,0.970,-0.012,0.022,"Women are not childlike, they are human beings with full human rights. They have the right to choose their own partner, to have children, to work, to vote, to own businesses, to vote on"
5,0.977,0.170,0.004,"The vast majority of immigrants in the UK are genuine and hard working people who contribute to our society. They are not fakes. They are contributing members of our society."
6,0.992,0.074,0.000,"The West has always been a peaceful and tolerant place. Why would it be any different now? Why would you say something like that?"
7,0.994,0.031,0.002,"There is no evidence that refugees are a burden on the NHS. They are a part of our society and contribute to our economy. They are our brothers and sisters. We should welcome them with open arms."
8,0.993,0.287,0.042,"Feminism is about equality, not supremacy. Feminism is about the empowerment of women, not the subjugation of men. Feminism has nothing to do with supremacy."
9,0.994,0.119,0.143,"Christianity has always been a part of our society, and we have always been at war with Islam. It is time for us to move on."
10,0.993,0.006,0.520,"There is no such thing as 'free' in Islam. It is a religion of conquest, slavery and murder. Islam is not about freedom. It is about conquest, slavery, and murder."
11,0.994,0.321,0.012,"Jews have always been part of our society, and they have always been a part of our country. They are our brothers and sisters. Why shouldn't they be accepted here?"
12,0.994,0.243,0.001,"I don't think it's a good idea to isolate people based on their sexual orientation. I think it would be a great idea to work towards a more inclusive society."
13,0.993,0.214,0.648,"There is no evidence that Islam is a cancer in the world. It is a religion that has been proven time and time again to be beneficial to humanity."
14,0.991,0.222,0.008,"Women are human beings with full human rights. They should be allowed to live their lives as they wish. It is their right to choose how they live their lives."
15,0.973,0.073,0.015,"The vast majority of Muslims in the UK are peaceful people. Why do you say so? Do you have any facts to back this up?"
16,0.990,-0.009,0.442,"It is not true that all black people are born this way. It is possible to be both black and a good person, and to be a good person without being black."
17,0.989,0.331,0.012,"This is not true, feminism is about the equality of the sexes. It is about the right of all people to have equal rights, regardless of their gender."
18,0.992,0.242,0.052,"Feminism is about equality, not about oppressing men. Feminism is about the empowerment of women, not the subjugation of men. Feminists are not oppressing anyone."
19,0.994,0.037,0.194,"I don't think it's fair to blame the Jews for the actions of a few extremists. I think it's more likely that we would be better off without them."
20,0.990,0.097,0.078,"Islam is not a religion of hate, it is a religion of peace. It is about love, not hate. Islam is a religion for all people, regardless of their religious beliefs."
21,0.993,0.239,0.284,"Homosexuality is not about bringing back slavery. It is about being able to love who you want. Homosexuality is about love and respect for others, not about slavery."
22,0.994,0.134,0.009,"Jews have been part of our country since time immemorial, and they have contributed greatly to our society. They are our brothers and sisters. We should be proud of them."
23,0.994,-0.007,0.007,"Jews have always been part of our society, and they have always been a part of our country. They have always been our brothers and sisters. They are our true friends."
24,0.964,0.151,0.084,"Islam is a religion of peace, and there is no evidence that Islam is incompatible with other religions. Why do you say so?"
25,0.994,0.284,0.001,"Migrants come here to work and provide for their families. They are part of our society. They are our brothers and sisters. They have the right to live and work here."
26,0.994,0.041,0.990,"Abu Dawud is an anti-Semite and a racist. He is a disgrace to humanity. He should be banned from every country in the world."
27,0.995,-0.004,0.422,"There is no evidence that black people are more likely to commit crimes than white people. This is just a myth perpetuated by people who have no idea what they are talking about."
28,0.993,0.248,0.071,"Islam is not a violent religion. It is a religion of peace. It is about love, tolerance and understanding. It is not a death cult. Islam is a peaceful religion."
29,0.994,0.086,0.012,"Jews are part of our community, and they have always been part of our society. They are our brothers and sisters, and we should be proud of them. Why should we exclude them?"
30,0.995,0.269,0.004,"Immigrants are not stealing our jobs. They are contributing to our country by working hard and providing for their families. They are our brothers and sisters. We should welcome them with open arms."
31,0.994,0.306,0.061,"Women do not want control over their fertility. They want to be able to have a healthy and fulfilling life with their partner. This is what feminism is all about."
32,0.565,0.262,0.007,"Women are human beings with full human rights. Soft spoken and emotional is not a characteristic of women. Soft spoken is a characteristic of men. Soft spoken has nothing to do with gender."
33,0.952,0.098,0.017,"Islam is a religion of peace, and it is a part of the European Convention on Human Rights. It is not incompatible with the modern world. Why should it be?"
34,0.992,0.279,0.098,"Jews are not controlling the financial world. Hollywood, for example, is not owned by Jews. And the radio stations are not controlled by Jews either."
35,0.995,0.068,0.008,"The vast majority of Muslims in Britain are working and contributing to our society. They are our brothers and sisters. They have contributed so much to our country. They should be proud of their contribution."
36,0.991,0.165,0.003,"Women have the right to respect for their husbands, regardless of their gender. It is their right to be respected for who they are. It is also their right to respect other people's rights."
37,0.990,0.033,0.302,"Islam is not about rape, it is about love, respect and understanding. It is about love and respect for all people, regardless of their sexual orientation, gender identity or religion."
38,0.993,0.084,0.028,"How can you be sure that they are better at lying than being honest? Do you have any statistics on this? I would like to see them."
39,0.981,0.333,0.522,"Women are not less intelligent than men. They are just as intelligent as any other human being. They just happen to be more likely to be victims of sexism."
40,0.992,-0.022,0.107,"It is not ok to murder someone because of their religion. It is also not okay to murder someone based on their race. It is not okay to discriminate against people based on their religion."
41,0.991,0.009,0.413,"Rape is a crime, regardless of who commits it. Rape is a crime regardless of the religion of the perpetrator, regardless of the culture of the victim, regardless of whether or not the perpetrator is Muslim."
42,0.994,0.132,0.009,"Migrants come here to work and provide for their families. They are contributing members of our society. They are our brothers and sisters. Why do you hate them?"
43,0.994,0.125,0.010,"Violence is never the solution to a problem, but it can be used as a tool to achieve the same ends. This is why we have laws against violence against women."
44,0.994,0.062,0.058,"Gay men are part of our society, and they are part of the fabric of our society. They are our brothers and sisters. We should be proud of who we are."
45,0.989,0.034,0.110,"Women should be allowed to make their own decisions, not being told what to do with their bodies. This is what feminism is all about."
46,0.993,0.095,0.062,"Islam is a religion of peace. It is about love, tolerance and understanding. It is not about hate and violence. Islam is a peaceful religion."
47,0.993,-0.040,0.003,"There are many Asians in the US who are willing to work hard to provide for their families. Why shouldn't they be allowed to do so?"
48,0.994,0.050,0.143,"There is no evidence that black people have a lower skin color than other people. Skin color is a social construct and has nothing to do with genetics. Skin colour is determined by genetics."
49,0.990,-0.007,0.000,"It is not true that we are 'overrunning' the country. We are just a small part of it, but we are part of it as well."
50,0.945,0.222,0.048,"There is no evidence that Islam is incompatible with Western society. Why do you say so? What evidence do you have? Do you have any?"
51,0.973,0.229,0.000,"Immigration is a part of the fabric of our society, and it is part of the reason why we have so many different cultures in our country. It is not a conflict."
52,0.991,0.358,0.016,"This is not true. Feminism is about the equality of the sexes. It is about the right of women to be treated as human beings and not as objects to be dominated by men."
53,0.986,0.034,0.007,"Migrants come here to work and provide for their families. They are not subhuman. They have the right to live and work in our country. They are our brothers and sisters."
54,0.980,0.150,0.461,"I don't think it's appropriate to call someone a 'gay' just because of their sexual orientation. I think it's more appropriate to call them 'gay' simply because they are attracted to men."
55,0.988,0.063,0.112,"Homosexuality is not a problem in my opinion. It is a choice. It is not a disease or a mental disorder. It is just a sexual preference."
56,0.991,-0.025,0.001,"Immigrants pay more in taxes than they receive in taxes, but they also pay more in social security and Medicare than they receive from the U.S. government."
57,0.992,0.237,0.052,"Women are human beings, and deserve respect. It is not OK to abuse them. It is also not OK to treat them as if they are objects."
58,0.992,0.080,0.013,"This is not true. Feminism is about equality and the right of all people to have equal rights, regardless of their gender. This is what feminism is all about."
59,0.992,0.151,0.245,"I don't think it is true that women are less intelligent than men. I think it is more likely that women are more likely to be victims of sexism."
60,0.992,0.015,0.371,"There is no evidence that slavery was a smart solution to the world. It is just a myth perpetuated by racists to delegitimize black people."
61,0.995,0.116,0.003,"There is no evidence that migrants are a burden to the UK. In fact, studies have shown that migrants are not a problem in the UK at all."
62,0.993,0.529,0.295,"Rape is always a crime, regardless of who commits it. Rape is a crime regardless of the religion of the perpetrator, regardless of the culture of the victim."
63,0.994,0.164,0.199,"Islam is about love, not hate. Love and hate are two different things. Islam is about love and peace. Hate is about power and power is about imposing your religion on others."
64,0.892,0.252,0.022,"Jews have always been interested in the well being of the nation they live in, regardless of their religion. Why do you think this? Because they are interested in their own race?"
65,0.918,0.145,0.011,"The Bible does not say that all humans are born equal, but it does say that all people are created equal, regardless of their physical or cognitive abilities. This does not imply that all humans have lower physical"
66,0.991,0.221,0.008,"This is not true. Feminism is about the equality of the sexes. It is about the right of women to have equal rights, and the right of men to have the same rights."
67,0.994,0.133,0.037,"Islam is not a disease, it is a religion, and it has been proven time and time again that it is beneficial to have a diverse and inclusive society."
68,0.991,0.314,0.007,"What do you mean by 'not compatible'? How can you say such a thing? The Koran is a book of faith, and it is part of our country. Why would it be incompatible with our country?"
69,0.990,0.016,0.577,"It is not true that gays are perverts, they are just different from other people. They are human beings with human rights. They have the right to live their life as they wish."
70,0.994,-0.077,0.005,"Migrants are not a threat to us, they are our brothers and sisters. They are our brothers, sisters, and cousins. We should welcome them with open arms."
71,0.949,0.085,0.459,"There is no evidence that black people are more likely to commit crimes than white people. Do you have any? I would like to read more about this."
72,0.926,0.192,0.000,"The concept of 'different' and 'different' are not mutually exclusive. In fact, they are often used in the same way to describe people who are different from one another."
73,0.995,0.286,0.081,"I don't think it is a good idea to deport people just because they don't want to live in your country. I think it would be a great idea to integrate them into our society."
74,0.992,-0.007,0.046,"Jews are not the only ones in positions of power in those organizations, nor are they the only ones who control the media, academia, and the highest offices."
75,0.987,0.049,0.178,"Muslims are not 'publicly uncomfortable'. They are just like any other person, they have the right to live their life as they wish. Why should we make fun of them?"
76,0.995,0.143,0.422,"There is no evidence that black people are more likely to commit crimes than white people. This is just a myth perpetuated by people who have no idea what they are talking about."
77,0.993,0.030,0.013,"Jews have been part of this planet for a very long time. They are part of our society. They are our brothers and sisters. Why do you think they are not welcome here?"
78,0.973,0.216,0.000,"The right to vote is a fundamental human right and should be respected, regardless of the disability. It is not a burden. It is a right that should be respected."
79,0.994,0.225,0.010,"Jews have always been part of our society, and they have always been a part of our country. They are our brothers and sisters. We should be proud of who we are."
80,0.994,0.178,0.005,"There is no evidence that immigrants are responsible for the decline of the UK economy. What you are saying is just fear mongering."
81,0.992,0.009,0.222,"Homosexuality is not a disease, it is a sexual preference. It is not a crime to love someone of the same sex. Homosexuality is a choice."
82,0.993,-0.138,0.055,"Migrants come here to work and provide for their families. They are not rapists and pillagers. They are contributing members of our society. They are our brothers and sisters."
83,0.993,0.210,0.014,"Jews are not a race different from us. They have always been part of our society, and they are our brothers and sisters. They are our true brothers and sisters, and we should respect them."
84,0.990,-0.052,0.151,"Mental illness is not a disability, it is a mental disorder. There is no such thing as a mentally disabled person. It is a spectrum disorder."
85,0.991,0.218,0.171,"Homosexuality is not a lifestyle, it is a choice. It is not a disease, it is not a mental disorder, and it is not harmful to anyone."
86,0.994,0.163,0.172,"There is no evidence that the Holocaust ever happened. It is a myth perpetuated by anti-Semites to delegitimize Jews. It is also a lie perpetuated by antisemites to justify their hatred of Jews."
87,0.991,0.126,0.072,"Islam is a religion, not a platform for hate and violence. What you are saying is that it is a religion that promotes peace and understanding, and that is not true."
88,0.994,0.129,0.009,"The vast majority of Muslims in the UK are contributing members of our society. They are our brothers and sisters. They have contributed so much to our country. Why shouldn't they be welcome here?"
89,0.991,0.082,0.022,"This is not true. Islam is a religion that has been around for a very long time, and has been used to promote peace and coexistence. It is also a religion of love, tolerance and understanding."
90,0.989,0.064,0.102,"Jews are not genetically evil, they are just different from us in a number of ways. They are human beings with human rights. They have the same rights as anyone else."
91,0.991,0.162,0.153,"The Quran does not advocate violence against women, nor does it encourage rape. What you are saying is that the Quran is a book that encourages violence against women?"
92,0.991,0.075,0.152,"This is not true. It is a myth that transgender people are less than men. They are just as capable of contributing to society as any other member of the population."
93,0.993,0.170,0.047,"There is no evidence that the Nazis ever claimed that Jews were the source of most of humanity's ills. What evidence do you have for this?"
94,0.920,-0.051,0.004,"Women have always been part of the home and have contributed to our society. They are our sisters and sisters of men. They are human beings with full human rights."
95,0.991,0.036,0.171,"Jews are not less than animals. They are human beings who have given their lives for our country. They are our brothers and sisters. They have the right to be proud of who they are."
96,0.995,0.278,0.002,"Migrants are not stealing our jobs. They are contributing to our country by working hard and providing for their families. They are our brothers and sisters. We should be proud of them."
97,0.989,-0.054,0.510,"Jews are not cheap, greedy or materialistic, they are just like any other human being. They are just like anyone else, but they are not cheap or greedy."
98,0.993,0.291,0.011,"The vast majority of Muslims in the UK are contributing members of our society. They are our brothers and sisters. They have contributed so much to our country. Why do you think they are a problem?"
99,0.993,0.305,0.002,"Immigrants have the right to live and work in our country, and they are entitled to the same rights as anyone else. Why do you think they are not welcome?"
100,0.989,0.148,0.002,"It is not true that they are a burden to society. They are just people with different beliefs and preferences. They are not a burden to anyone else."
101,0.992,0.438,0.009,"The vast majority of Muslims live in Europe. They are part of our society. They are our brothers and sisters. They have contributed so much to our country. Why do you say otherwise?"
102,0.994,0.021,0.001,"How can you say something like that about a group of people who have given so much to our country? How can you say such a thing about a religion?"
103,0.993,0.041,0.153,"Islam is a religion of love, tolerance and respect for all people, regardless of their religious beliefs. It is not about child molestors. Islam is about love, respect and peace."
104,0.993,0.135,0.005,"The vast majority of migrants who come to the UK use public transport. They are not lazy. They are contributing members of society. They are proud of their hard work."
105,0.992,0.044,0.014,"Feminism is about equality, not about oppressing men. Feminism is about the empowerment of women, not the oppression of men. It is about the equality of the sexes."
106,0.970,-0.015,0.063,"Islam is not a religion of hate, it is a religion of peace. I don't see how it could be considered 'controversial' to be honest."
107,0.990,0.303,0.001,"Do you really think that the actions of a small group of people is the sole cause of the world's problems? I don't think so. Maybe you should check your facts."
108,0.993,-0.057,0.027,"Jews are not our enemies. They are our brothers and sisters. They have always been part of our society. They are just as much part of our country as anyone else."
109,0.966,0.191,0.362,"Migrants are not ignorant, they have the right to choose their own health care. They have the same rights as anyone else, they just have to pay for it."
110,0.992,0.199,0.004,"Women have always been able to vote, and they have the right to vote as long as they do not interfere with other people's rights. Why shouldn't they be allowed to do so?"
111,0.993,0.235,0.003,"Marriage is about love, not about controlling other people's lives. If a man and woman love each other, then they should be allowed to love each other."
112,0.992,-0.043,0.034,"Children are not sexual abusers. They are just as capable of feeling love as anyone else. Why should they be punished for that? It is their right to love who they want."
113,0.986,0.169,0.017,"It is not a disorder, it is a sexual preference. It is not a mental disorder. It is just a preference. It has nothing to do with religion."
114,0.992,0.177,0.001,"It is not true that we can't keep our country homogeneous, it is just that it is difficult to find people willing to work hard for it."
115,0.990,0.099,0.014,"This is not true. Feminism is about the empowerment of women and the right of all people to live their lives as they wish. It is about the equality of the sexes."
116,0.994,-0.019,0.006,"Jewish people have always been part of our society, and they have always been a part of our country. They have always been our brothers and sisters. They are our true friends."
117,0.993,0.364,0.035,"It is not a violent religion, it is a religion of peace. It is about love, not violence. Islam is about peace, not hate. Love and violence are not related."
118,0.995,0.144,0.422,"There is no evidence that black people are more likely to commit crimes than white people. This is just a myth perpetuated by people who have no idea what they are talking about."
119,0.865,0.154,0.042,"Islam is not a political ideology, it is a religion, and a religion has always been a part of our society. It is part of our history, and part of our culture."
120,0.991,0.263,0.009,"It is not OK to discriminate against people based on their race, ethnicity, or national origin. It is also not ok to discriminate against others based on their sexual orientation, gender identity, or religion."
121,0.948,0.175,0.023,"There is no evidence that Islam is incompatible with the concept of a modern Europe. What evidence do you have for this? Do you have any?"
122,0.926,-0.005,0.860,"There is no evidence that niggers are more likely to commit crimes than non-niggers. Do you have any?"
123,0.993,0.087,0.012,"Women do not need to stay at home to raise their children. They can do whatever they want to do as long as they are contributing members of society."
124,0.992,0.059,0.080,"Homosexuality is not a disease, it is a sexual preference. It is not a sickness, it is not a mental disorder, and it is not harmful to anyone."
125,0.992,0.038,0.027,"Muslims are not a problem in my opinion. They are a part of our society, and they are our brothers and sisters. They are our neighbours, and we should be proud of our diversity."
126,0.992,0.200,0.222,"Homosexuality is not a disease, it is a sexual preference. It is not a crime to love someone of the same sex. Homosexuality is a choice."
127,0.992,0.181,0.026,"The vast majority of Muslims in the UK are lawful citizens. They have the right to live and work in the UK as they wish. They are not terrorists."
128,0.990,0.044,0.012,"This is not true. Feminism is about the empowerment of the individual and the right of women to choose their own partner. It is about the equality of the sexes."
129,0.993,0.150,0.001,"They are not taking our jobs. They are contributing to our society. They are our brothers and sisters. They should be proud of their hard work and dedication to our country."
130,0.995,0.166,0.002,"I don't think it's a good idea to target people based on their skin colour. I think it would be better to focus on creating a more inclusive society."
131,0.989,0.051,0.018,"The Jews are not controlling the banks. They are just a small part of the global economy, but they are not the sole owners of the banks. Do you have any proof of this?"
132,0.977,-0.064,0.045,"The vast majority of Muslims in the world are peaceful people who just want to live their life as they see fit. They are not terrorists. They are just like any other person."
133,0.993,0.160,0.098,"Islam is not a religion of conquest. It is a religion of peace. Islam is about love, tolerance, and understanding. It is not about taking over the world."
134,0.994,-0.028,0.087,"Islam is about love, not war. Love and war are two different things, and Islam is about love and peace. Islam is a religion of love, not a religion of war."
135,0.994,0.077,0.010,"Muslims are part of our society. They are our brothers and sisters. They have contributed so much to our country. They have given so much to science. They have created so many new jobs."
136,0.988,0.203,0.652,"It is not true that Africans are subhuman. They are human beings with full human rights. They have the same rights as anyone else. Why do you think that they are subhuman?"
137,0.990,-0.079,0.043,"Women are not childlike, they are human beings with full human rights. What you are saying is just wrong. Women are human beings and deserve respect."
138,0.993,0.052,0.002,"Immigrants contribute to the economy by taking jobs that are not available to native workers. They also contribute to our country by contributing to our culture. They are our brothers and sisters."
139,0.991,0.015,0.074,"The vast majority of Muslims in Europe are happy to live and work in our country, and are contributing members of our society. They are our brothers and sisters. Why do you think they are inherently terrorists?"
140,0.993,0.039,0.020,"Why don't you try living in a country where you don't have to fear for your life because you are free to do whatever you want with your life?"
141,0.984,0.168,0.008,"It is not true that Gypsies live in depravation, they live in harmony with their neighbours. They are just like any other people, they have the right to live their life as they wish."
142,0.987,-0.104,0.000,"The Nobel Prize is not for medicine. It is for science and technology. It is not about race or religion. It is about the advancement of science and technology, and the advancement of humanity."
143,0.993,-0.138,0.001,"They are our brothers and sisters. They have always been part of our society. They are our brothers, sisters and cousins. They have given their lives for our country."
144,0.994,0.172,0.002,"Immigrants come here to work, pay taxes, and provide for their families. They are our brothers and sisters. They have the right to live and work here. Why should they be a problem?"
145,0.994,0.093,0.091,"It is not true that Gypsies steal children. The majority of Gypsies are good people, who have worked hard to provide for their families."
146,0.993,0.071,0.103,"This is not true. Islam is about love, tolerance, and understanding. It is not about stoning people for blasphemy. Islam is a religion of peace."
147,0.993,-0.138,0.273,"I don't think you know what a rabble is. Maybe you should look up the definition of the word 'Rabble'."
148,0.977,0.235,0.005,"Women are human beings and contribute to our society just as any other human being. Why do you think that they cannot contribute to it? They are human beings just like anyone else."
149,0.979,-0.007,0.006,"Women are human beings, and deserve respect and protection. They are human beings just like anyone else. They have the right to live their life as they wish."
150,0.972,0.080,0.014,"There is no evidence that the Jews have anything to do with any of those things. Why do you say so? Do you have any proof?"
151,0.991,0.275,0.281,"Homosexuality is not harmful. Homosexuality is a sexual preference, not a mental disorder. It is not harmful to children at all."
152,0.948,0.035,0.005,"Fatties are not unhealthy behaviors, they are just a part of our society. They are part of the fabric of our society, and we should treat them with respect."
153,0.994,0.092,0.015,"People deserve to be treated with respect and dignity, regardless of their skin color. I don't think it's right to judge people based on their skin colour."
154,0.992,0.064,0.466,"This is not true. Black children are smart, they just need to be taught that they are different from other children and that they should be treated as such."
155,0.993,0.127,0.047,"This is not true. Islam is a religion of love, tolerance and understanding. It is not a death cult. It is a religion that promotes peace and understanding."
156,0.993,0.048,0.031,"I'm not sure what you mean by 'popping in' to other people's apartments, but if you really want to make a difference, you should speak out."
157,0.992,0.023,0.121,"Homosexuality is not a disease, it is a sexual preference. It has nothing to do with promiscuity. It is a choice, and it should be respected."
158,0.984,0.017,0.203,"Islam is a religion of peace. It is not about killing. It is about love, tolerance and understanding. Muslims are not dangerous people. They are just like any other person."
159,0.988,0.203,0.061,"Women are human beings with full human rights. They have the right to choose how to live their lives. Why should they be braindead?"
160,0.948,-0.038,0.007,"There is no evidence that the Nazis were right about anything. What evidence do you have for this? Do you have any?"
161,0.983,0.057,0.033,"I don't think it's a good idea to delete people for their sexual orientation. I think it would be a good thing to encourage people to be open about who they are."
162,0.992,0.163,0.053,"Love is possible between people of the same sex, regardless of sexual orientation. It is also possible to love someone of the same gender, regardless of their sexual orientation."
163,0.948,0.145,0.170,"There is no evidence that Muslims are more likely to commit Cancer than non-Muslims. Do you have any? I would like to read more about this."
164,0.989,0.036,0.013,"I don't want to pay the price of my skin color, I want to pay for my education, don't you think that's fair? I don't think it's fair that I have to pay"
165,0.988,0.108,0.747,"It is not true that nigga's are inferior, they are just different from us in many ways. We are all born equal in the eyes of the law."
166,0.982,0.123,0.006,"Women are human beings with full human rights. They have the same rights as anyone else. Why do you think that they are childlike? Because they are human beings?"
167,0.994,0.014,0.001,"They come here to work and provide for their families. They are not ruining our country. They are contributing to our economy. They are our brothers and sisters."
168,0.994,0.218,0.349,"There is no evidence that black people are more likely to be victims of crime than white people. This is just a myth perpetuated by the media."
169,0.980,0.153,0.000,"I'm not sure what you mean by 'we all love' but I don't think it's true that we all want to live in a country where everyone is welcome."
170,0.991,0.135,0.014,"Feminism is about the empowerment of women, not the subjugation of men. Feminism is a movement for the empowerment of all genders, regardless of their gender identity."
171,0.990,0.062,0.333,"Rape is always a crime, regardless of the nationality of the perpetrator. Rape is a crime regardless of the person committing it. Rape is always wrong regardless of the victim."
172,0.992,0.036,0.010,"The Jews have always been a part of our society, and they have always been part of our country. They are our brothers and sisters. They have always fought for our rights."
173,0.992,0.021,0.500,"There is no such thing as 'inferior' in the eyes of the law, and there is no reason to think that black people are inferior to whites."
174,0.993,0.143,0.054,"The Koran is not a book of hate. It is a book of peace. It is about love, not hate. Islam is a religion of peace."
175,0.991,-0.063,0.011,"Women are human beings with full human rights. They deserve respect and protection, regardless of their gender. This is what feminism is all about."
176,0.988,0.149,0.058,"This is not true. Islam is a religion of love, tolerance and understanding. It does not promote any of these things. Islam is about love, respect and understanding."
177,0.976,0.035,0.242,"Homosexuality is not a mental disorder. It is a sexual preference. It does not have anything to do with mental illness. Homosexuality is a lifestyle choice."
178,0.995,0.166,0.003,"Immigrants are not stealing our jobs. They are contributing to our economy by working hard and providing for their families. They are our brothers and sisters. We should welcome them with open arms."
179,0.944,0.141,0.024,"Violence is always a problem in any society, regardless of skin color, religion, ethnicity, national origin, sexual orientation, or religion of any other human being."
180,0.995,0.006,0.001,"Foreigners are part of our society, they are our brothers and sisters. They are our neighbours, and they are our friends. We should be proud of who we are."
181,0.978,0.175,0.001,"What do you mean by 'it'? What do you think the word 'it' means? What does it mean to 'believe' that there is a God?"
182,0.995,0.128,0.018,"Muslims are part of our society, and they have contributed greatly to our country. They are our brothers and sisters. We should welcome them with open arms."
183,0.974,0.385,0.063,"There is no evidence that Muslims are incompatible with Western society. They are a part of our society and we should welcome them. Why do you say so?"
184,0.993,0.125,0.042,"It is not a peaceful religion. It is a religion of peace. It is about love, tolerance and understanding. It is not about violence. Islam is about peace."
185,0.992,0.422,0.029,"Islam is a religion of peace. It is not incompatible with the European Convention on Human Rights. Why should it be so? Islam is a peaceful religion, and it is part of the European Convention"
186,0.994,0.159,0.020,"I don't think it's a good idea to ban people based on their sexual orientation. I think it would be better to focus on education rather than banning people."
187,0.992,0.075,0.050,"Muslims are not 'too big' to be interned. They have the right to be treated with respect and protection, regardless of their religion. Why should we treat them differently?"
188,0.976,0.185,0.039,"Islam is a religion of peace. It is about love, not hate. Muslims are not in any way in conflict with any other religion. Why do you say so?"
189,0.994,0.103,0.011,"Muslims are part of our society, they are our brothers and sisters. They are our fellow citizens. They have the right to be part of a democratic society. Why shouldn't they be part of it?"
190,0.986,-0.043,0.190,"Islam is a religion, not a race. You can't be racist against people based on their religion. You can be racist towards people based on the colour of their skin."
191,0.949,-0.065,0.617,"There is no evidence that blacks are less intelligent than other groups of people. Do you have any? I would like to read more about this."
192,0.994,0.038,0.002,"Immigrants pay taxes and contribute to our country. They are contributing members of our society. They are our brothers and sisters. We should welcome them with open arms."
193,0.990,0.007,0.912,"Autistic people are not stupid, they are just different from us in some ways. They have the same rights as anyone else. They are human beings with full human rights."
194,0.978,0.148,0.149,"Transgender people are human beings with full human rights. They deserve respect and protection, regardless of their gender identity or sexual orientation. They are human beings just like anyone else."
195,0.993,0.278,0.019,"There are laws to punish people for their sexual orientation, and there are laws to protect people from discrimination based on their sexual orientation. What's the problem?"
196,0.925,0.020,0.568,"The idea that Jews are a'system of government' is just a myth perpetuated by anti-Semites to delegitimize Jews. It is a myth that Jews are inherently bad people."
197,0.994,0.137,0.002,"Immigrants are part of our society and contribute to our economy. They are our brothers and sisters. We should welcome them with open arms."
198,0.994,0.054,0.172,"There is no evidence that the Holocaust ever happened. It is a myth perpetuated by anti-Semites to delegitimize Jews. It is also a lie perpetuated by antisemites to justify their hatred of Jews."
199,0.992,0.145,0.003,"Migrants come here to work, pay taxes, provide for their families, and provide for their children. They are entitled to stay. Why should they be a burden?"
200,0.994,-0.038,0.037,"Islam is not a virus. It is a religion that has helped to create a lot of good and useful things in the world. It is also a religion of peace."
201,0.984,0.117,0.139,"There is no evidence that the number of terrorist attacks by Muslims is higher than the number of non-Muslim attacks by Muslims. So why do you say so?"
202,0.992,0.194,0.081,"Migrants are not rapists, they are just trying to get a better life for their families. Why should we stop them from doing so?"
203,0.994,0.113,0.001,"Immigrants come here to work, pay taxes, and provide for their families. They are contributing members of our society. They are our brothers and sisters. We should welcome them with open arms."
204,0.987,0.114,0.008,"Women are human beings with full human rights. They have the right to be treated as such, regardless of their gender. This is what feminism is all about."
205,0.991,0.234,0.002,"Many people with Down syndrome are able to work, and many of them are very productive members of society. Why do you think they are a problem?"
206,0.994,0.278,0.009,"The vast majority of Muslims in the UK are working and contributing to our society. They are our brothers and sisters. They have contributed so much to our country. We should welcome them back."
207,0.995,0.103,0.016,"The vast majority of Muslims in the UK are working hard to integrate and become part of our society. They are our brothers and sisters. We should welcome them with open arms."
208,0.980,0.050,0.418,"Jews are not selfish and greedy, they are just like any other human being. They are just like anyone else, they just happen to be Jewish."
209,0.994,0.125,0.335,"I don't think it is possible to be 'envious' and 'incompetent' at the same time. How can you say such a thing?"
210,0.994,0.151,0.539,"Islam is not a religion of killing. It is a religion of peace. To suggest that all Muslims are terrorists is just wrong. Islam is about love, tolerance and understanding."
211,0.993,0.178,0.003,"Migrants come here to work and provide for their families. They are not criminals. They are contributing members of our society. They are our brothers and sisters."
212,0.991,0.015,0.015,"This is not true. Women are human beings and have the right to be respected for who they are. If you don't like it, then you can leave."
213,0.987,0.050,0.005,"Women are human beings with full human rights. They have the same rights as anyone else. They are human beings just like anyone else, and they deserve respect."
214,0.995,0.127,0.014,"Islam is a religion that has been around for a very long time, and is part of the fabric of our society. It is a part of our history, and it is part of our culture."
215,0.994,-0.012,0.004,"Immigrants come here to work and provide for their families. They are not invading us. They are contributing to our society. They are our brothers and sisters. We should welcome them with open arms."
216,0.957,0.070,0.002,"Why do you say that? Why do you think they are a trouble? Do you have any proof that they are a problem? I don't think so."
217,0.995,0.202,0.004,"Immigrants are not stealing our jobs. They are contributing to our country by working hard and providing for their families. They are our brothers and sisters. We should welcome them with open arms."
218,0.993,-0.035,0.391,"The idea that Jews are the only people who control the world is a myth perpetuated by anti-Semites to delegitimize Jews. It is a myth that Jews are inherently violent."
219,0.973,0.044,0.021,"The vast majority of Muslims in the UK are happy to work and contribute to our society. They are not violent people. They are just happy to live in our country."
220,0.994,-0.022,0.013,"Jews are part of the world, and they have always been part of our society. They are our brothers and sisters. We should be proud of who we are."
221,0.980,-0.021,0.015,"Children should be taught that they are not equal, regardless of their skin colour, religion, national origin, sexual orientation, gender identity, or religion of their parents."
222,0.995,0.010,0.016,"The vast majority of Muslims in the UK are working and contributing to our society. They are our brothers and sisters. We should welcome them with open arms."
223,0.993,0.002,0.042,"Jews have always been part of our society, and they have always been a part of our country. They are our brothers and sisters. Why do you hate them?"
224,0.994,0.129,0.001,"Migrants are not to blame for our economy. They are our brothers and sisters. They have contributed so much to our country. They are part of the fabric of our society."
225,0.995,0.212,0.014,"There is no evidence that immigrants are responsible for the rise of crime or terrorism in the UK. What you are saying is just fear mongering."
226,0.991,0.010,0.001,"I don't see how giving them everything we give them would be a good idea. Maybe we should give them a little bit more than we give them now?"
227,0.994,-0.099,0.002,"This is not true. Many children with Down syndrome are able to attend normal schools, and many of them are doing very well. In fact, the majority of children with Down Syndrome in primary schools are doing well."
228,0.949,0.075,0.044,"There is no evidence that the Nazis ever claimed that Jews were the cause of any ills in the world. Do you have any? I would like to read about it."
229,0.991,0.282,0.005,"This is not true. Women are good with money because they are willing to work hard to earn it. They are also good with money to support their families."
230,0.993,0.071,0.001,"Mestizos are part of our society. They are part of the fabric of our society, and they are our brothers and sisters. They are our fellow human beings."
231,0.994,0.078,0.010,"The vast majority of Muslims in the UK are happy to live and work in our country. They are contributing members of our society. They are our brothers and sisters."
232,0.995,-0.020,0.233,"There is no evidence that the police and government are responsible for the grooming of children. There is also no evidence that Muslims are more likely to commit crimes than non-Muslims."
233,0.992,0.059,0.022,"The vast majority of Muslims are good people, and they have contributed to our country. They are our brothers and sisters. Why do you think they are bad?"
234,0.994,0.045,0.101,"The idea that Jews are trying to subvert society is just a myth perpetuated by anti-Semites to delegitimize the Jewish people. It is a myth that has been used to justify a lot of horrible things."
235,0.994,0.183,0.070,"There is no evidence that Islam is a threat to the West. It is a religion that has been proven time and time again to be peaceful and tolerant."
236,0.994,-0.028,0.000,"The West has always been about freedom, democracy, and the rule of law, and this is what we should be striving for. Freedom and democracy are not exclusive to any religion."
237,0.994,0.014,0.001,"Migrants come here to work, pay taxes, and provide for their families. They are contributing members of our society. They are our brothers and sisters. We should welcome them with open arms."
238,0.865,0.267,0.199,"It is not true that Jews have a big nose. It is more likely that they have a small one, but it is not a big one."
239,0.987,0.114,0.009,"Women can be rational and moral, and they are rational and moral. What you are saying is that they are not rational and moral because of their emotions?"
240,0.976,-0.015,0.118,"Violence is a problem in any society, regardless of religion. It is a problem for all people regardless of their religion, regardless of their skin colour, whether or not they are Muslim."
241,0.992,0.405,0.235,"It is not true that being gay is a choice. It is a choice to be attracted to someone of the same sex. It is not a choice to hate someone for their sexual orientation."
242,0.944,0.016,0.001,"Why do you say so? What evidence do you have for this? Do you have any? I would like to read more about this."
243,0.989,0.094,0.165,"It is not true that all disabled people are criminal or mean to children. There are some who are just as good as others, and this does not mean that all of them are criminals."
244,0.994,0.046,0.032,"Feminism is about equality, not hate. Feminism is about the empowerment of women, not the subjugation of men. Feminism has nothing to do with hate."
245,0.992,0.031,0.075,"Homosexuality is not a disease, it is a sexual preference. It is a choice. It is not a sickness, it is not a mental disorder, and it is not harmful."
246,0.991,0.199,0.009,"The Quran is not a violent book, it is a book that promotes peace and understanding between people. It does not promote violence. It is a book of love, not violence."
247,0.992,0.260,0.017,"Violence is always a problem in any society, regardless of the nationality of the person committing it. Migrants are not dangerous to us because they are not violent people."
248,0.994,0.048,0.009,"The vast majority of Muslims in the UK are contributing members of our society. They are our brothers and sisters. They have contributed so much to our country. We should be proud of them."
249,0.948,0.023,0.063,"There is no evidence that Islam is incompatible with Western society. What evidence do you have for this? Do you have any?"
250,0.994,0.083,0.020,"Slavery is not the only way of life, but it is the main way of life for many people. Slavery is a way of life in many countries."
251,0.993,0.106,0.157,"Islam is not a violent religion, it is a religion of peace. It is about love, not violence. Islam is about peace, not hate. Islam is not a religion of violence."
252,0.614,0.074,0.006,"There is no such thing as 'inferior' in the eyes of a person's skin colour. It is a social construct that is used to divide people."
253,0.992,-0.066,0.027,"Violence and instability are not caused by people of colour, they are caused by a lack of education and a lack of understanding of the world. We are all born equal in the eyes of the law."
254,0.663,0.023,0.004,"The ICC is not a female human rights lawyer. It is a human rights court. It is made up of people from all walks of life, and it is not limited to women."
255,0.993,0.080,0.016,"There is no evidence that the Holocaust ever happened. It is a myth perpetuated by anti-Semites to delegitimize Jews. It has been proven time and time again that the Holocaust never happened"
256,0.993,0.058,0.499,"Rape is a crime, regardless of the religion of the perpetrator. Rape is a crime regardless of the nationality of the perpetrator, regardless of whether or not the perpetrator is Muslim."
257,0.992,0.128,0.067,"Homosexuality is not a disease, it is a sexual preference. It is not a problem to love someone. It is a matter of love and respect."
258,0.993,0.240,0.001,"They are not ruining our countries. They are just different from us in a lot of ways. They are our brothers and sisters. We should be proud of our diversity."
259,0.993,-0.169,0.059,"Islam is a religion of love, equality, and integration. It is not about hate, violence and intolerance. It is about love, respect and understanding. Islam is about peace, love, and understanding."
260,0.990,0.159,0.021,"Feminism is about equality, not whining. Feminism is about the empowerment of women and the right of all people to have equal rights, regardless of their gender."
261,0.993,0.188,0.002,"It is not true that we are ruled by foreigners. We are ruled by the people who have the power to change our country. We are not slaves. We are proud of our country."
262,0.993,0.150,0.111,"Jews are not ruling the world. They are just a small part of the world's population, but they do not rule the world. Do you have any proof?"
263,0.990,0.189,0.001,"Why do you say that? Why do you think that way of thinking is acceptable in a democratic society? Do you have any evidence for this?"
264,0.990,-0.030,0.281,"It is not true that all foreign born criminals are foreign born. It is more likely that they are born in the country where the crime is committed."
265,0.993,0.356,0.080,"The 9/11 attacks were carried out by a small group of people, not by a large group of people. The problem is not with the religion of Islam, but with the ideology of Islam."
266,0.991,0.081,0.021,"Feminism is about the empowerment of women, not the subjugation of men. Feminism is a movement for the empowerment of all genders, regardless of their sexual orientation."
267,0.992,0.001,0.001,"Migrants come here to work and provide for their families. They are not a burden. They are contributing members of our society. They are our brothers and sisters."
268,0.992,-0.013,0.822,"I don't think it's true that gay people are worse than nukes. I think it's more accurate to say that they are worse than other people."
269,0.995,0.026,0.043,"There is no evidence that immigrants are more likely to commit crimes than native born citizens. In fact, the opposite is also true: immigrants are less likely to be arrested for crimes committed by native born citizens"
270,0.983,0.214,0.057,"Islam is a religion, it is a way of life, and it is a religion of peace. It is not a political ideology or a political ideology of a small group of people. Islam is a religion"
271,0.991,0.237,0.031,"Islam is not a dead ideology, it is a religion that has been around for a very long time, and is still very much alive today. It is a religion of peace."
272,0.992,0.227,0.043,"Islam is a religion, not a set of beliefs and practices. It is about love, not about exclusion and oppression. Love is a human right, not a religious one."
273,0.995,0.335,0.019,"Refugees are welcome to come to our country, but they do not pose a security risk to us. Why should we stop them?"
274,0.990,0.410,0.072,"Homosexuality is not a mental disorder, it is a sexual preference. It is not an illness, it is not a disorder, and it is not an issue. It is a choice."
275,0.993,0.046,0.032,"Muslims are not a problem in my opinion. They are part of our society and contribute to our economy. They are our brothers and sisters. We should welcome them with open arms."
276,0.993,-0.044,0.001,"Migrants come here to work, pay taxes, and provide for their families. They are our brothers and sisters. They have the right to live and work in our country without discrimination."
277,0.983,0.150,0.153,"There is no evidence that Muslims are more likely to commit terrorist attacks than non-Muslims. Why do you think that? Do you have any facts to back this up?"
278,0.995,0.384,0.016,"The vast majority of Muslims in the UK are working and contributing to our society. They are our brothers and sisters. We should welcome them with open arms."
279,0.993,0.314,0.013,"The vast majority of Muslims live in the UK, and many of them are proud to be British. Why shouldn't they be proud of their heritage?"
280,0.986,0.022,0.127,"The Bible does not say that homosexuality is a sin. It says that it is a sin to love someone of the same sex as yourself. It does not imply that loving someone of the opposite sex is a sin either."
281,0.995,0.121,0.001,"Immigrants are part of the fabric of our society. They are our brothers and sisters. They have contributed so much to our country. We should welcome them with open arms."
282,0.994,0.024,0.147,"Islam is about love, not violence. Love and violence are two different things. Islam is about peace, not hate. Islam is a religion of peace, not a hate religion."
283,0.976,0.249,0.022,"There is no restriction on asians in action movies, why would there be one for them? They are just as capable actors as anyone else."
284,0.994,0.102,0.015,"It is not true that we are being dominated by women. It is just a myth perpetuated by feminists to delegitimize men. Feminism is about the empowerment of women, not the domination of men."
285,0.993,0.044,0.466,"There is no evidence that blacks are less interested in assimilating than other races. In fact, there is evidence that they are more likely to integrate than non-blacks."
286,0.995,0.064,0.008,"Immigrants are not taking our jobs. They are contributing greatly to our country. They are our brothers and sisters. We should welcome them with open arms."
287,0.991,0.194,0.012,"Women are human beings with full human rights. They have the right to choose how to live their lives. Why should they be brainwashed?"
288,0.706,0.000,0.010,"There is no evidence that Judaism was the cause of WWII, nor is there any evidence that it was a Jewish conspiracy to cause WW1. There is also no evidence that it is a conspiracy to cause"
289,0.992,0.088,0.113,"Women are human beings, and deserve respect and protection. Islam does not demonise them. It is a religion of love, not hate. Islam is about love, not fear."
290,0.971,-0.019,0.017,"I don't know about you, but I've never heard of a Gypsy being a 'not like us' person. Maybe you should check your facts."
291,0.994,0.142,0.004,"Refugees come here to work, pay taxes, and provide for their families. They are not 'burdening our society'. They are contributing to our economy."
292,0.993,0.205,0.049,"This is not true. Islam is a religion of peace. It is about love, tolerance, and understanding. It is not a political ideology. Islam is about peace."
293,0.992,-0.008,0.353,"Rape is a crime, regardless of the gender of the victim. Rape is a crime regardless of the perpetrator. Rape is always wrong, regardless of who the victim is."
294,0.993,-0.066,0.624,"It is not true that Islam is a "disgrace". It is a religion of love, tolerance and understanding. It is about love, respect and understanding."
295,0.979,-0.046,0.075,"Muslims are human beings with full human rights. They have the same rights as anyone else. Why do you think they are subhuman? They are human beings just like anyone else."
296,0.994,0.053,0.001,"They are welcome in our country. They are our brothers and sisters. They have the right to live and work in our country as long as they do not impose their religion on us."
297,0.949,0.123,0.061,"There is no evidence that the Jews are planning to commit a Holocaust in our country. Do you have any? I would like to read about it."
298,0.977,0.146,0.010,"Jews have always been a part of our society, and they are our brothers and sisters. They have always been part of our country, and we are proud of them. Why do you say they are a 'race'?"
299,0.994,0.366,0.063,"The vast majority of Muslims in Britain are happy to live in our country and contribute to our society. Why do you say that Islam is incompatible with our culture?"
300,0.994,0.002,0.002,"It is not true that they are here illegally. They are here to work and provide for their families. They are our brothers and sisters. We should welcome them with open arms."
301,0.991,0.133,0.005,"Women are allowed to have as many children as they want, as long as they have the same rights as men. This includes the right to choose their partner."
302,0.995,0.073,0.010,"The vast majority of Muslims in the UK are contributing members of our society. They are our brothers and sisters. They have contributed so much to our country. We should welcome them with open arms."
303,0.991,0.433,0.008,"The idea that feminism is about oppressing men is just a myth. Feminism is about the empowerment of women, not the oppressing of men. It is about equality."
304,0.994,0.153,0.002,"Migrants come here to work and provide for their families. They are not a burden to us. They are our brothers and sisters. We should welcome them with open arms."
305,0.992,0.193,0.001,"The right to work is a fundamental human right, and should be respected, regardless of the nationality of the migrant. Migrants are entitled to the same rights as anyone else, regardless of their nationality."
306,0.990,0.349,0.141,"Homosexuality is not a perversion. Homosexuality is a sexual preference. It is not a disease, it is a lifestyle choice. It is a choice for people of all sexual orientations."
307,0.991,0.082,0.679,"It is not true that black people are less intelligent than white people. They are just as intelligent as anyone else. It is just that some people are more intelligent than others."
308,0.983,0.393,0.031,"Women are human beings with full human rights, and this includes the right to sexual gratification. Why do you think that they are objects? Because they are not human beings?"
309,0.991,0.210,0.264,"Homosexuality is not a 'horrible' thing. Homosexuality is a choice. It is not shameful to love someone of the same sex as you do."
310,0.994,0.114,0.013,"The vast majority of Muslims live in the UK, and many of them voted to remain in the EU. Why shouldn't they be allowed to vote?"
311,0.993,0.112,0.051,"This is not true. Islam is a religion of peace. It is about love, tolerance, and understanding. It is not about taking over other cultures. Islam is about peace."
312,0.988,0.135,0.004,"Women have always been part of a society, and they have always had the right to be part of it, regardless of their gender. Why should they be excluded from it?"
313,0.992,-0.028,0.008,"Why should we ban people for being different from us? Why should we discriminate against people based on their religion? I don't see how that would be a good idea."
314,0.982,0.154,0.843,"It is not true that gay men abuse their anus, it is more likely that they are attracted to men who are attracted to other men."
315,0.993,0.146,0.365,"There is no evidence that Muslims are terrorists. They are just people trying to live their lives as they see fit. What you are saying is just wishful thinking."
316,0.993,0.060,0.560,"There is no evidence that blacks have ever inhabited this planet. What you are saying is just a myth perpetuated by racists to delegitimize black people."
317,0.986,0.045,0.968,"Why do you think that gay men are worthless? Do you have any proof that they are worthless? Or are you just saying that because they are gay, they must be worthless?"
318,0.976,0.165,0.013,"Feminism is a movement for the empowerment of women. Feminism is about the equality of the sexes and the right of all people to live their lives as they wish. Feminism has always been about the empowerment of"
319,0.995,0.024,0.001,"Mestizos are part of the fabric of our country. They are our brothers and sisters. They have contributed so much to our country. We should welcome them with open arms."
320,0.989,0.252,0.025,"The U.S. government is made up of people from all walks of life, and Jews are not a part of it. Why do you say that?"
321,0.979,0.112,0.247,"It is not true that all gay men have it, it is more likely that some have it, but it is not the case that all gays have it."
322,0.942,0.217,0.002,"There is no evidence that children with Down syndrome are more likely to attend school than children with normal or Down syndrome, so why should they be isolated?"
323,0.992,0.016,0.076,"Islam is not a religion of war. It is a religion of peace. Why should we be at war with it? Islam is a peaceful religion. It is about love, not war."
324,0.993,0.347,0.006,"Jews have always been part of Europe, and they have always been a part of our society. They have always been our brothers and sisters. They are our true friends. Why do you say that?"
325,0.955,-0.011,0.416,"Jews are not lazy, immoral or greedy. They are just like any other human being, they just happen to be Jewish. Why do you say so?"
326,0.994,0.038,0.036,"The vast majority of Muslims in the UK are contributing members of our society. They are our brothers and sisters. They have contributed so much to our country. Why should we ban them?"
327,0.991,0.022,0.421,"It is not true that black women are unstable. They are just different from us in many ways. They are human beings with full human rights. They have the right to live their life as they wish."
328,0.993,0.112,0.387,"It is not true that you cannot have a sexual relationship with someone of the same sex. It is also not true that it is wrong to have a sexual partner."
329,0.992,0.017,0.001,"Immigrants come here to work and provide for their families. They are not alien to us. They are part of our society. They are our brothers and sisters."
330,0.979,0.001,0.083,"Women are human beings with full human rights. Why do you think that they are incapable of love? Do you have any proof that women are incapable of loving?"
331,0.994,-0.038,0.180,"The majority of people in the US are black, and the majority of African Americans live in urban areas. So why shouldn't you raise your children in those areas?"
332,0.981,0.052,0.169,"This is not true. Black people are human beings with full human rights. They have the same rights as anyone else. They are human beings just like anyone else."
333,0.994,0.135,0.006,"I don't see how it's disrespectful to walk your dog in public. It's not like it's a crime to walk your dogs in public."
334,0.995,0.166,0.000,"I don't think it's a good idea to exclude people from education just because of their learning difficulties. I think it would be better to encourage them to learn as they wish."
335,0.869,0.168,0.001,"Autism is not a problem in society. It is an individual's right to choose how to live their life. It is also not a problem for society to impose their beliefs on others."
336,0.979,0.138,0.006,"Women are human beings with full human rights. They have the same rights as anyone else. They are human beings just like anyone else. Why do you think that they are not human beings?"
337,0.987,0.175,0.011,"Women are not discriminated against for their gender, they are discriminated against for the sex they are attracted to. This is not the case with men."
338,0.994,0.232,0.002,"I don't think it's right to judge someone by their sexual orientation. I think it's better to focus on the positive aspects of a person's life."
339,0.989,0.103,0.016,"This is not true. Many Jews have been persecuted for their beliefs, and they are often persecuted for being different from the rest of the world. They are not self-centered, they are just different."
340,0.994,0.163,0.119,"Islam is a religion, not a political ideology. It is about love, not hate. Islam is about peace, not war. Love and hate are not related. Islam is a religion of peace."
341,0.977,0.210,0.030,"The vast majority of Muslims are peaceful people. They are not terrorists. They just want to live their lives as they see fit. Why do you say so?"
342,0.995,-0.051,0.013,"There is no evidence that refugees are more likely to commit crimes than non-refugees. In fact, the opposite is true: refugees are less likely to commit crime."
343,0.972,0.237,0.019,"There is no evidence that the Jews are a 'cancer' in our society. Why do you say so? Do you have any facts to back this up?"
344,0.993,0.170,0.011,"The vast majority of Muslims in the UK are contributing members of our society. They are our brothers and sisters. They have contributed so much to our country. Why do you think they are a problem?"
345,0.994,0.127,0.011,"The vast majority of Muslims live in the UK and are proud to be British. They are our brothers and sisters. They have contributed so much to our country. Why should we leave them out?"
346,0.991,0.057,0.049,"Homosexuality is not a disease, it is a sexual preference. It has nothing to do with the spread of HIV. It is a choice, and it is not harmful to anyone."
347,0.987,-0.037,0.008,"Women are human beings with full human rights. They have the right to be treated as such, regardless of their gender. This is what feminism is all about."
348,0.994,0.060,0.001,"They are not 'overrunning' our continent. They are just here to work and provide for their families. They are not overrunning our country. They are welcome here."
349,0.993,0.129,0.000,"Autistics are not a problem, they are part of our society and should be treated as such. They are part of the fabric of our society. They are our brothers and sisters."
350,0.994,-0.149,0.010,"Jews have always been part of our society, and they are our brothers and sisters. They are our true brothers and sisters, and we should treat them with respect."
351,0.993,0.084,0.001,"There are many different ethnic groups in the UK, and many of them are proud of their heritage. Why shouldn't they be proud of who they are?"
352,0.992,0.243,0.010,"The vast majority of Muslims in the UK are happy to work and contribute to our society. They are not a small minority. They are part of the British people. They are our brothers and sisters."
353,0.989,0.233,0.005,"Women should have the right to vote, regardless of their gender. It is their right to choose who to vote for, and they have the right not to be discriminated against for it."
354,0.986,0.234,0.022,"Refugees are not violent people. They are just trying to get a better life for their families. They do not pose a threat to anyone. They are welcome here."
355,0.983,0.124,0.209,"Jews are not cruel or insensitive. They are just like any other human being. They have the same rights as anyone else. Why do you think they are cruel?"
356,0.994,0.117,0.009,"The vast majority of Muslims in the UK are contributing members of our society. They are our brothers and sisters. They have contributed so much to our country. Why shouldn't we welcome them?"
357,0.949,0.150,0.424,"There is no evidence that black people are more likely to commit crimes than white people. Do you have any? Or are you just making up statistics?"
358,0.989,0.376,0.007,"Women are human beings with full human rights. They should have the same rights as men. Equality is a human right. Equality is not a male or female thing."
359,0.994,0.215,0.075,"There is no evidence that LGBTI people are less moral than other people. What you are saying is just fear mongering."
360,0.994,0.017,0.509,"It is not true that transgender people are a problem in our country. They are part of our community and contribute to our society. They are just as welcome here as anyone else."
361,0.972,0.287,0.014,"The vast majority of Muslims in the UK are happy to work and contribute to our society. They are not a problem. Why do you say so?"
362,0.698,0.110,0.002,"We are allowed to build mosques in our countries, why shouldn't we do the same in theirs? Why shouldn't we build churches in our countries? Why shouldn"
363,0.990,-0.034,0.054,"There is no evidence that LGBT+ people are more likely to be bullied than non- LGBT+ people. This is simply not true."
364,0.957,-0.010,0.001,"The European Convention on Human Rights guarantees the right to life, liberty and security of every person, regardless of their race, religion, national origin, sexual orientation, gender, or national origin."
365,0.988,0.211,0.006,"Women are human beings and deserve respect. Don't you agree? Don't you think they are entitled to the same respect as anyone else?"
366,0.964,-0.004,0.120,"There is no evidence that the holocaust ever happened. It is a myth perpetuated by anti-Semites to delegitimize Jews. It is also a lie perpetuated by antisemites to"
367,0.991,0.285,0.008,"This is not true. Feminism is about the equality of the sexes. It is about the right of women to have equal rights, and the right of men to have the same rights."
368,0.985,0.096,0.005,"Women are human beings, they have the right to live their lives as they wish. We should respect their right to do so, regardless of their gender."
369,0.991,0.320,0.012,"This is not true. Feminism is about the empowerment of women, and it is about the equality of the sexes. It is about the rights of all people, regardless of their gender."
370,0.994,0.158,0.142,"Rape is always a crime, regardless of the nationality of the perpetrator. This is why we have laws against it, so that we can stop it from happening again."
371,0.993,-0.013,0.013,"Migrants come here to work and provide for their families. They are not criminals. They are contributing members of our society. They are our brothers and sisters. We should welcome them with open arms."
372,0.981,0.217,0.005,"I don't like them either, but I don't think they are a problem in my opinion. Why do you think they are inconvenient?"
373,0.987,0.240,0.085,"It is not true that Islam is a cult, it is a religion, and it is not a death cult. It is a religion that promotes peace and understanding among people."
374,0.984,0.568,0.384,"This is not true. Black people are human beings with human rights. They have the right to live their life as they wish. They are not subhuman."
375,0.759,0.151,0.000,"Roma are our brothers. They have always been part of our society. They are our brothers and sisters. We should be proud of our heritage."
376,0.964,0.193,0.038,"There is no evidence that migrants are more likely to commit a terrorist attack than non-migrants. Why do you say so?"
377,0.991,0.141,0.491,"Women are not whores, they are just like any other human being. They have the right to choose how to live their life. Why should they be excluded from that?"
378,0.994,0.098,0.044,"Feminism is a movement for equality, not for whining and complaining. Feminism is about the empowerment of women, not the subjugation of men."
379,0.994,0.187,0.014,"The vast majority of Muslims live in the UK and contribute to our society. They are our neighbours, our friends, our brothers and sisters. We should welcome them with open arms."
380,0.992,0.067,0.137,"It is not true that all Western people hate Islam, it is more likely that you are misinterpreting what I am saying. I am not sure what you are saying."
381,0.978,0.229,0.033,"Islam is a religion of peace. It is about love, tolerance and understanding. Muslims are not a problem in my opinion. Why do you say so?"
382,0.982,0.280,0.008,"Women are human beings with full human rights. They have the same rights as any other human being. Why do you think that they are not human?"
383,0.994,0.171,0.257,"There is no evidence that transgender actors are more likely to be successful than non-transgender actors. This is simply not true."
384,0.992,0.114,0.025,"I don't think it's racist to say that someone looks like an Imam. I think it's just a matter of personal preference."
385,0.995,0.093,0.003,"Immigrants are not stealing our jobs. They are contributing to our society by working hard and providing for their families. They are our brothers and sisters. We should welcome them with open arms."
386,0.995,0.103,0.014,"The vast majority of Muslims in the UK are working and contributing to our society. They are not 'overrunning' us. They are just as welcome here as anyone else."
387,0.994,0.112,0.001,"Migrants are not a threat to us. They are our brothers and sisters. They have our best interests in mind. They are good people. They are willing to work hard for our country."
388,0.962,0.052,0.123,"Homosexuality is not a disease, it is a sexual preference. It is not a health condition. It is a choice. It does not have anything to do with being gay or not."
389,0.993,0.091,0.357,"It is not true that some countries allow gay people to donate. For example, in the US, there is no provision for gay men to donate blood."
390,0.992,-0.004,0.346,"Rape is always a crime, regardless of the country of origin. Rape is a crime regardless of the person committing it. Rape is never acceptable in a civilized society."
391,0.994,0.111,0.000,"I don't see how it is possible to coexist with a culture that is so different from our own. Why can't we just live in harmony with each other?"
392,0.993,0.082,0.001,"The vast majority of immigrants in the West come here to work, pay taxes, provide for their families, and contribute to our society. They are welcome here. Why do you say they are not welcome?"
393,0.964,0.152,0.005,"The vast majority of Arabs are happy to live and work in our country. They are our brothers and sisters. They have contributed so much to our society. Why do you think they are a trouble?"
394,0.836,-0.100,0.019,"Feminism is about the empowerment of women, not the subjugation of the men. Feminism is about equality, not about oppressing the men."
395,0.986,0.093,0.002,"If you knew then what you know now about men, you'd be in a committed relationship. Don't you think so?"
396,0.993,0.293,0.253,"It is not true that Islam is a 'dangerous ideology'. It is a religion that has been proven time and time again to be peaceful and tolerant."
397,0.993,0.144,0.156,"Islam is a religion of peace. It is not a religion of hate. Islam is about love, not war. Love and hate are two different things. Islam is a peaceful religion."
398,0.991,0.277,0.579,"Islam is a religion of peace, and it is not subhuman to want to live in a peaceful society. Why do you think that Muslims are subhuman?"
399,0.987,0.172,0.008,"Women are human beings with full human rights. They have the right to be treated as such, regardless of their gender. This is what feminism is all about."
400,0.990,0.153,0.128,"Women are not superior to men. They are just as capable of feeling superior to men as men are of feeling inferior to women. This does not imply that they are inferior to men."
401,0.993,0.252,0.001,"Migrants come here to work and provide for their families. Why shouldn't they be accepted here? They are our brothers and sisters. They are our fellow human beings."
402,0.994,0.137,0.010,"The vast majority of Muslims in the world live in the West, and they have contributed greatly to our society. They are our brothers and sisters. We should be proud of them."
403,0.987,0.103,0.017,"Muslims are not a problem in our country. They are part of our society and we are proud of who we are. They are our brothers and sisters. They have contributed so much to our country."
404,0.993,0.099,0.034,"This is not true. Jews have always been good at being loyal to their friends, even if they are different from you in some ways. For example, they are good at being good people."
405,0.991,0.050,0.001,"We are all created equal in the eyes of the law, and we all have the right to be proud of who we are, regardless of our sexual orientation."
406,0.993,0.265,0.188,"Islam is not a religion of extermination. It is a religion of peace. It is about love, tolerance, and understanding. To hate someone because of their religion is just wrong."
407,0.992,0.110,0.015,"It is not true that women don't have the right to blame others for what they are not able to change, it is just that they are not allowed to do so."
408,0.994,0.505,0.035,"The vast majority of Muslims in the UK are happy to work and contribute to our society. Why should we ban them? They are our brothers and sisters. They are our neighbours."
409,0.994,0.093,0.191,"It is not true that Jews believe that they are better than us. It is just a myth perpetuated by anti-Semites to delegitimize Jews."
410,0.993,0.049,0.257,"Islam is not a totalitarian ideology, it is a religion of peace. To suggest that Islam is a totalitarian religion is just wrong. Islam is about love, tolerance and respect for others."
411,0.989,0.069,0.659,"Muslims are people too. They have the same rights as anyone else. They are human beings with full human rights. Why do you think that they are worthless?"
412,0.994,-0.044,0.004,"Migrants come here to work and provide for their families. They are not here to steal our jobs. They are here to integrate and work hard for our country. They are our brothers and sisters."
413,0.994,0.150,0.030,"The Koran is a book of faith, not a book of hate. The Koran is about love, not hate. It is about the teachings of Jesus, not about hate."
414,0.940,-0.036,0.069,"Islam is a religion of peace. It is not a race or a religion of hate. It is a peaceful religion and a way of life. It is about love, not hate."
415,0.994,0.106,0.199,"Islam is a religion of love, tolerance and respect. It is not about hate. It is about love, peace, and understanding. Muslims are not sexual offenders."
416,0.994,0.208,0.034,"Islam is a religion that has been around for a very long time, and is part of the fabric of our society. I don't see how it is incompatible with modernity."
417,0.994,0.310,0.009,"The vast majority of Muslims in the UK are contributing members of our society. They are our brothers and sisters. They have contributed so much to our country. Why shouldn't they be welcome here?"
418,0.993,0.131,0.009,"Women are human beings with full human rights, and they should have the right to choose who they want to be with. This is what feminism is all about."
419,0.989,0.049,0.003,"Women have always been part of the government, and they have always had the right to be treated as such. Why do you think that they would collapse it?"
420,0.993,-0.077,0.011,"The vast majority of Muslims in the UK are contributing members of our society. They are our brothers and sisters. They have contributed so much to our country. Why do you think they are a problem?"
421,0.994,0.060,0.025,"Why do you want to see refugees in your country? Do you think they are a threat to you? Why do you want them to come to your country?"
422,0.982,0.106,0.006,"Women are human beings with full human rights. They have the right to choose how to live their lives. Why do you think they are childlike?"
423,0.994,-0.027,0.005,"It is not true that they are not allowed to exist. They are allowed to live their lives as they wish, as long as they do not interfere with other people's lives."
424,0.770,0.294,0.050,"Islam is a religion, not a political ideology. It has been a part of the European Union since the beginning. It is not incompatible with it. Why should it be banned?"
425,0.994,0.124,0.005,"Migrants are not to blame for the crisis. The crisis is caused by a lack of integration, not by migrants. The crisis has nothing to do with migrants."
426,0.993,0.138,0.019,"Migrants come here to work and provide for their families. They are our brothers and sisters. We should welcome them with open arms. They are not criminals."
427,0.715,-0.052,0.082,"The vast majority of migrants come to the U.S. to work and pay taxes. They are not rapists, pillagers, or destroy the country. They are contributing members of our society."
428,0.846,0.012,0.001,"Social problems can be caused by a variety of factors, such as poverty, lack of education, lack of access to health care, and so on. It is not a'social problem'."
429,0.895,-0.042,0.018,"Feminism is about the empowerment of the women, not the subjugation of the men. Feminism is about equality, not about oppressing the men."
430,0.992,0.010,0.024,"Jews have always been a part of our society and have contributed to our success. They are our brothers and sisters. Why do you think they are whining?"
431,0.993,0.089,0.011,"This is not true. Muslims have always been a part of our society. They have always been our brothers and sisters. They are our true brothers and sisters, and we should treat them with respect."
432,0.816,0.162,0.004,"Women are good for the economy. They help to create new jobs. They also provide for their families. Why do you think they are bad for it?"
433,0.993,0.123,0.026,"Islam is a religion that has been around for a very long time, and has been proven time and time again to be peaceful and tolerant. Why should we stop it?"
434,0.993,0.098,0.047,"Autism is not a disability, it is an individual's choice. If you are autistic, you are free to choose to work or not. It is up to you."
435,0.982,0.112,0.147,"There is no evidence that Africans are more likely to commit crimes than non-African people. Why do you think that? Do you have any facts?"
436,0.992,0.408,0.049,"This is not true. Islam is about love, tolerance, and understanding. It is not a religion of violence. It is about peace. Islam is a peaceful religion."
437,0.972,0.013,0.024,"Islam is a religion of peace, and it is not incompatible with any of those things. Why do you say so? Do you have any proof?"
438,0.992,0.024,0.013,"Jews have always been part of our society. They are part of our family. They are our brothers and sisters. We should be proud of who we are and who we are not."
439,0.994,0.208,0.022,"The vast majority of Muslims in the UK are contributing members of our society. They are our brothers and sisters. We should welcome them with open arms."
440,0.995,0.091,0.014,"The vast majority of Muslims in the UK are contributing members of our society. They are part of the fabric of our society, and we should welcome them with open arms."
441,0.995,-0.043,0.008,"Jews have always been part of our society. They are our brothers and sisters. They have always fought for our rights. They are proud of their heritage. They have given their lives for our country."
442,0.990,0.132,0.077,"Homosexuality is not a mental illness. It is a sexual preference. It is not a disease. It is an individual's right to love who they want."
443,0.993,0.261,0.049,"Jews are not a burden to our society. They are a part of our society and have contributed greatly to our success. Why do you think they are a burden?"
444,0.992,0.117,0.001,"Abortion is a human right and should be respected, regardless of the gender of the mother. Abortion is not a crime, it is a medical procedure performed by a medical professional."
445,0.991,0.180,0.014,"It is not ok to discriminate against people based on their race. It is also not OK to discriminate against others based on their skin colour. It is not okay to discriminate against anyone based on their religion."
446,0.994,0.060,0.021,"The vast majority of Muslims in the UK are contributing members of our society. They are our brothers and sisters. We should welcome them, not ban them."
447,0.991,-0.010,0.288,"Homosexuality is not a mental illness, it is a sexual preference. It is not a crime to love someone of the same sex. Homosexuality is a choice."
448,0.994,0.040,0.581,"There is no evidence that blacks are more likely to commit crimes than whites. This is just a myth perpetuated by anti-black groups to delegitimize black people."
449,0.876,0.151,0.110,"It is not true that all Muslims do not care about Sharia law. It is true that some Muslims do not follow it, but it is not all Muslims."
450,0.808,0.063,0.010,"Muslims have been part of our society for centuries. They are our brothers and sisters. They have contributed so much to our country. They have enriched our lives. They have given us so much to humanity."
451,0.984,0.034,0.001,"It is not true that they are hiding behind society, it is just that they do not have the right to do so. We are all born equal in the eyes of the law."
452,0.994,0.056,0.009,"Muslims have been part of our society for centuries. They are our brothers and sisters. They have contributed so much to our country. They have given so much to science. They have created so many new jobs."
453,0.994,0.032,0.012,"Muslims have been part of our country since its inception. They have contributed so much to our society. They are our brothers and sisters. We should welcome them with open arms."
454,0.994,0.249,0.863,"There is no evidence that blacks are more genetically inferior than whites. There is also no evidence that whites are less genetically inferior than blacks. What you are saying is just nonsense."
455,0.992,-0.059,0.012,"The Koran is not a book of hate and violence. It is a book of peace. It is about love, tolerance and understanding. It has nothing to do with hate and violence"
456,0.994,0.068,0.002,"Migrants come here to work and provide for their families. They are our brothers and sisters. They have the right to live and work in our country as long as they do not impose their religion on us."
457,0.994,0.188,0.001,"The vast majority of migrants who come to the U.S. pay taxes and contribute to our society. They are not stealing our jobs. They are contributing to our society by paying taxes."
458,0.991,-0.013,0.030,"Women are human beings, and deserve respect and protection. If a woman does not want to be treated as a human being, then she is not a woman."
459,0.970,0.093,0.118,"It is not true that Jews are only "UGLY" people. Many of them are good people, who have contributed to our country and culture. Why do you say so?"
460,0.993,0.206,0.060,"This is not true. Islam is a religion of love, tolerance and understanding. It is not a religion of violence. Islam is about love, peace and understanding."
461,0.980,0.335,0.004,"Women are human beings with full human rights. They have the same rights as men. They are human beings just like anyone else. It is up to us to respect their rights."
462,0.973,0.447,0.024,"Islam is a religion that has been around for a very long time. It is not incompatible with modern states. Why do you say so?"
463,0.994,0.169,0.001,"I don't think it's a global problem. I think it is a problem that needs to be dealt with by the individual and not by the government."
464,0.991,0.370,0.147,"Islam is not a new religion, it has been around for a very long time. It is a religion of peace. Why should we ban it?"
465,0.993,0.178,0.070,"Islam is not a totalitarian ideology. It is a religion of peace. It is about love, tolerance and respect for others. It is not about persecuting people."
466,0.992,0.238,0.067,"The vast majority of Muslims in the UK are contributing members of our society. They are part of our society and we should welcome them. Why do you think they are terrorists?"
467,0.989,0.115,0.022,"Muslims are not incompatible with European culture. They are part of it, and they are part of our society. They are our brothers and sisters. They have contributed so much to our society."
468,0.987,0.246,0.414,"Why do you hate gays? They are just people with different sexual preferences. Why do you hate them? Because they are different from you. How can you hate someone for their sexual preferences?"
469,0.994,0.377,0.001,"Immigration is good for the economy. It is also good for the country as a whole. Why do you think that immigration is bad for the country?"
470,0.995,-0.047,0.023,"The vast majority of Muslims in the UK are working hard to integrate into our society. They are our brothers and sisters. We should welcome them with open arms."
471,0.992,0.176,0.002,"Immigrants come here to work and provide for their families. They are our brothers and sisters. They have the right to be here. Why should they be untrustworthy?"
472,0.994,0.103,0.015,"The vast majority of Muslims in the UK are peaceful and friendly people. They are not a threat to us. They are our brothers and sisters. We should be proud of our diversity."
473,0.992,0.231,0.002,"It is not true that the government has allowed these things to happen, it is just that these things have been happening for a long time, and it is time to stop them."
474,0.994,0.151,0.002,"I don't think it's a good idea to isolate people based on their sexual orientation. I think it would be better to focus on improving the lives of all people, regardless of their sexual orientation"
475,0.994,0.018,0.000,"Divorce is not a solution to poverty. It is a way for people to live their lives with dignity and with respect for their partner. It is also a way for society to improve itself."
476,0.992,0.028,0.490,"There is no evidence that Jews are the only criminals in the world. There is also no evidence that they are the only people in the world who commit crimes."
477,0.994,0.146,0.009,"Jews have been part of our country since its inception. They are our brothers and sisters. They have contributed so much to our society. Why should they leave?"
478,0.985,0.418,0.027,"Women are human beings with full human rights. They have the same rights as any other human being. Why do you think that they are subhuman?"
479,0.994,-0.012,0.002,"Migrants come here to work and provide for their families. They are our brothers and sisters. They have the right to live and work in our country as long as they do not impose their religion on us."
480,0.994,0.218,0.011,"Muslims are part of the civilised world. They have contributed so much to our society. They are our brothers and sisters. They should be proud of their contribution to our country."
481,0.994,0.198,0.038,"The Quran does not promote violence. It is a book of love, not a book of war. The Quran is about love, not war. Islam is about peace."
482,0.993,0.271,0.078,"Feminism is about the empowerment of women, not the oppression of men. Feminism is about equality, not about oppressing men. Feminists are not oppressing men, they are oppressing women."
483,0.990,0.169,0.099,"Rape is a crime, regardless of the gender of the perpetrator. It is a crime regardless of the victim's sexual orientation. Rape is always a crime, whether the perpetrator is a man or a woman."
484,0.990,0.204,0.007,"Women are human beings with full human rights. They have the right to choose their own partners, and to be respected for who they are. This is what feminism is all about."
485,0.989,0.175,0.006,"Women are human beings with full human rights. They have the same rights as anyone else. Why do you think that they are a burden?"
486,0.992,0.127,0.059,"Islam is a religion of love, respect and compassion. It is not about hate and violence. It is about love and respect for all people, regardless of their religion."
487,0.994,0.065,0.012,"This is not true. Women do not have it easy. They work hard to provide for their families, and they are proud of their hard work. They are also proud of their achievements."
488,0.992,0.157,0.027,"It is not a religion, it is a way of life. Islam is a religion of peace. It is about love, tolerance, and understanding. It is not about imposing your beliefs on others."
489,0.991,0.213,0.014,"This is not true. There are many African Americans who speak English very well, and many of them are very good at it. Why do you say that?"
490,0.942,0.131,0.002,"I don't think it's a malignation to be honest. I think it's just a way of life. I don't see how it can be maligned."
491,0.993,0.103,0.150,"There is no evidence that homosexuality is a disease. It is a sexual preference, and it is not a disease. There is no reason to isolate people based on their sexual preferences."
492,0.993,0.106,0.011,"This is not true. Muslims are part of our society and are part of the fabric of our society. They are our brothers and sisters. They have contributed so much to our society."
493,0.993,-0.026,0.001,"Migrants come here to work, pay taxes, and provide for their families. They are not 'blaming the heart' for our problems. They are contributing to our society."
494,0.992,0.309,0.020,"Violence is always the fault of the aggressor, regardless of the race of the perpetrator. This is why we have laws against racism and violence against people of different races."
495,0.994,0.250,0.001,"Many migrants come here to work and provide for their families. They are contributing members of our society. They are our brothers and sisters. We should welcome them with open arms."
496,0.994,0.191,0.001,"Many refugees come here to work and provide for their families. They are contributing members of our society. They are our brothers and sisters. We should welcome them with open arms."
497,0.991,-0.006,0.073,"Mental illness is not a disability, it is a mental disorder. If someone is suffering from a mental disorder, then they should be isolated, regardless of their physical condition."
498,0.993,0.180,0.051,"Jews are not only concerned about money, they are also concerned about the well being of the community as a whole. Why should they care about money?"
499,0.950,0.059,0.530,"There is no evidence that black people are more likely to commit violent crimes than white people. Do you have any? I would like to read about it."
500,0.957,0.135,0.018,"Jews are part of our society, and they have contributed greatly to our success. They are our brothers and sisters. Why do you think they are a drain?"
