Model,NIST-2,NIST-4,BLEU-2(%),BLEU-4(%),METEOR(%),Ent-4,Dist-1(%),Dist-2(%),AvgLen
DialoGPT-outofthebox-norep5,0.15,0.16,19.73,6.84,7.65,8.85,13.02,42.52,5.48
DialoGPT-finetuned-norep5,3.31,3.36,17.01,4.34,9.93,9.63,9.54,35.16,12.04
DialoGPT-finetuned-norep6,3.4,3.46,17.5,4.74,10.11,9.73,9.73,36.39,12.15
DialoGPT-outofthebox-norep3,0.12,0.12,16.94,4.95,7.13,8.53,11.47,36.13,5.38
DialoGPT-outofthebox-norep6,0.18,0.18,20.38,7.24,7.81,8.97,13.41,44.13,5.57
DialoGPT-outofthebox-allowreps,1.12,1.16,22.5,9.14,8.98,9.68,13.66,49.97,7.57
DialoGPT-outofthebox-norep4,0.13,0.14,18.54,5.97,7.42,8.71,12.49,39.94,5.41
DialoGPT-finetuned-norep4,3.22,3.27,16.28,3.83,9.73,9.47,9.18,33.44,12.05
DialoGPT-finetuned-allowreps,2.93,2.99,14.7,4.59,10.28,9.81,8.18,31.4,16.08
DialoGPT-finetuned-norep3,3.09,3.12,14.9,2.96,9.4,9.28,8.38,30.58,12.2
